,angle,freq_sum,freq_diff,freq_3212,freq_1212,freq_1232,acs,csa,acs_anti
0,0.0,12026300.39172207,-3.0468072509393096e-11,1470.3117999999843,12023359.768122071,1470.3118000000147,-1.5308084989341916e-11,-2.145656329061565e-29,1.5308084989341916e-11
1,5.625,12139722.442721182,-1649922.2304020328,-594757.7427259187,11679315.697770987,1055164.4876761143,-24386.290252016053,38.491583060126,24386.290252016053
2,11.25,12452846.983167944,-6438746.936142089,-2337798.5588042624,10689697.16463438,4100948.3773378264,-47835.42904563622,148.1063376466691,47835.42904563622
3,16.875,12888760.697293539,-14182467.220220722,-5234829.233979967,9175951.94503275,8947637.986240756,-69446.27912745028,312.15641103405284,69446.27912745028
4,22.5,13333611.711114297,-24583533.59641768,-9285508.551335854,7321095.217368325,15298025.045081826,-88388.34764831845,505.66666666666674,88388.34764831845
5,28.125,13655767.443946172,-37242282.96426418,-14465092.863699822,5343670.20708164,22777190.100564353,-103933.70153781817,699.1769222992805,103933.70153781817
6,33.75,13728310.425945204,-51672290.732045636,-20705455.338038873,3466930.369977313,30966835.394006763,-115484.94156391083,863.2269956866639,115484.94156391083
7,39.375,13451352.916582715,-67319057.13525622,-27877772.391355995,1887840.5640384862,39441284.743900225,-122598.16005040379,972.8417502732073,122598.16005040379
8,45.0,12770658.1223422,-83581310.66666663,-35780577.08017228,750501.6160201309,47800733.58649435,-125000.0,1011.3333333333333,125000.0
9,50.62499999999999,11689601.895689808,-99834110.80461095,-44136210.995011955,127913.0811027661,55697899.809599,-122598.16005040379,972.8417502732073,122598.16005040379
10,56.25,10272511.487890974,-115452862.79289389,-52597529.86764965,14708.43029639218,62855332.925244235,-115484.94156391086,863.2269956866642,115484.94156391086
11,61.87499999999999,8638725.00388565,-129837321.80086455,-60765208.780374,331820.76376908785,69072113.02049056,-103933.70153781817,699.1769222992807,103933.70153781817
12,67.5,6948127.896429211,-142434663.7941756,-68214378.36579974,942220.8338530967,74220285.42837586,-88388.34764831843,505.66666666666686,88388.34764831843
13,73.12500000000001,5380226.069961652,-152760735.93731162,-74527849.52695467,1675189.186559366,78232886.41035695,-69446.27912745025,312.15641103405284,69446.27912745025
14,78.75000000000001,4109810.318082869,-160418669.02135655,-79332077.42040423,2355296.13753476,81086591.60095233,-47835.429045636156,148.10633764666886,47835.429045636156
15,84.37500000000003,3282801.9600933045,-165114135.63094044,-82331448.21518888,2831562.7595306146,82782687.41575156,-24386.290252015937,38.49158306012578,24386.290252015937
16,90.00000000000001,2995862.5786805004,-166666666.66666666,-83336536.59513333,3002269.1022805185,83330130.07153332,1.2633038745185758e-10,5.803844779402264e-28,-1.2633038745185758e-10
17,95.62500000000003,3282801.9600933045,-165016590.46993238,-82282675.63468485,2831562.759530613,82733914.83524753,24386.290252016188,38.49158306012636,-24386.290252016188
18,101.25000000000004,4109810.318082884,-160227327.30517393,-79236406.5623129,2355296.137534756,80990920.74286103,47835.429045636396,148.10633764667,-47835.429045636396
19,106.87500000000004,5380226.069961652,-152482950.82080173,-74388956.96869972,1675189.1865593619,78093993.85210201,69446.27912745046,312.15641103405414,-69446.27912745046
20,112.50000000000006,6948127.896429241,-142081110.4035822,-68037601.67050302,942220.833853093,74043508.73307917,88388.3476483186,505.6666666666681,-88388.3476483186
21,118.12500000000007,8638725.003885664,-129421586.99471314,-60557341.37729828,331820.763769086,68864245.61741486,103933.70153781833,699.1769222992823,-103933.70153781833
22,123.75000000000006,10272511.487890989,-114990923.0266381,-52366559.984521754,14708.430296391249,62624363.04211635,115484.94156391098,863.2269956866655,-115484.94156391098
23,129.37500000000009,11689601.89568983,-99343718.16440915,-43891014.674911045,127913.08110277168,55452703.4894981,122598.16005040388,972.8417502732079,-122598.16005040388
24,135.00000000000009,12770658.122342214,-83081310.66666646,-35530577.080172196,750501.6160201402,47550733.58649427,125000.00000000003,1011.3333333333333,-125000.00000000003
25,140.62500000000009,13451352.916582722,-66828664.49505441,-27632576.071255095,1887840.564038503,39196088.42379931,122598.16005040376,972.8417502732061,-122598.16005040376
26,146.25000000000009,13728310.425945204,-51210350.96578978,-20474485.454910956,3466930.3699773364,30735865.510878824,115484.94156391075,863.2269956866623,-115484.94156391075
27,151.87500000000009,13655767.443946166,-36826548.158112705,-14257225.460624104,5343670.207081672,22569322.6974886,103933.70153781798,699.1769222992774,-103933.70153781798
28,157.50000000000009,13333611.711114291,-24229980.205824196,-9108731.856039133,7321095.217368362,15121248.349785063,88388.34764831816,505.6666666666632,-88388.34764831816
29,163.1250000000001,12888760.697293533,-13904682.103710774,-5095936.675725013,9175951.945032785,8808745.427985761,69446.27912744992,312.1564110340496,-69446.27912744992
30,168.7500000000001,12452846.983167939,-6247405.219959427,-2242127.700712947,10689697.164634407,4005277.5192464795,47835.4290456358,148.10633764666642,-47835.4290456358
31,174.37500000000014,12139722.442721179,-1552377.06939391,-545985.1622218664,11679315.697771002,1006391.9071720436,24386.290252015555,38.49158306012445,-24386.290252015555
32,180.0000000000001,12026300.391722072,-1.0181793186347932e-09,1470.3117999994904,12023359.768122071,1470.3118000005086,-5.091872573445526e-10,1.778418257847505e-26,5.091872573445526e-10
33,185.6250000000001,12139722.442721184,-1649922.2304021083,-594757.7427259462,11679315.697770968,1055164.487676162,-24386.290252016563,38.4915830601277,24386.290252016563
34,191.25000000000014,12452846.983167958,-6438746.936142239,-2337798.558804318,10689697.164634354,4100948.377337921,-47835.42904563673,148.1063376466724,47835.42904563673
35,196.87500000000014,12888760.69729355,-14182467.22022096,-5234829.233980061,9175951.945032708,8947637.986240901,-69446.27912745076,312.1564110340573,69446.27912745076
36,202.50000000000017,13333611.711114304,-24583533.596417986,-9285508.551335977,7321095.217368273,15298025.045082008,-88388.34764831889,505.66666666667186,88388.34764831889
37,208.12500000000017,13655767.443946175,-37242282.96426454,-14465092.863699976,5343670.207081586,22777190.100564566,-103933.70153781852,699.1769222992853,103933.70153781852
38,213.75000000000014,13728310.4259452,-51672290.73204605,-20705455.338039055,3466930.369977259,30966835.394006997,-115484.94156391111,863.226995686668,115484.94156391111
39,219.37500000000017,13451352.916582704,-67319057.1352567,-27877772.39135622,1887840.5640384434,39441284.74390048,-122598.16005040395,972.8417502732098,122598.16005040395
40,225.00000000000017,12770658.122342177,-83581310.66666715,-35780577.08017254,750501.616020103,47800733.58649461,-125000.0,1011.3333333333333,125000.0
41,230.6250000000002,11689601.895689778,-99834110.80461141,-44136210.995012194,127913.08110275306,55697899.80959922,-122598.16005040365,972.8417502732051,122598.16005040365
42,236.25000000000017,10272511.487890936,-115452862.79289433,-52597529.8676499,14708.430296395905,62855332.925244436,-115484.94156391057,863.2269956866603,115484.94156391057
43,241.87500000000014,8638725.003885612,-129837321.80086488,-60765208.780374184,331820.76376910135,69072113.02049069,-103933.70153781783,699.1769222992759,103933.70153781783
44,247.5000000000001,6948127.896429166,-142434663.79417583,-68214378.36579989,942220.8338531125,74220285.42837594,-88388.3476483181,505.66666666666254,88388.3476483181
45,253.12500000000009,5380226.069961637,-152760735.93731177,-74527849.52695476,1675189.186559379,78232886.41035701,-69446.27912744993,312.1564110340497,69446.27912744993
46,258.75000000000006,4109810.318082869,-160418669.02135664,-79332077.42040427,2355296.1375347683,81086591.60095237,-47835.42904563592,148.10633764666716,47835.42904563592
47,264.37500000000006,3282801.9600933045,-165114135.63094047,-82331448.21518889,2831562.759530618,82782687.41575158,-24386.290252015802,38.49158306012519,24386.290252015802
48,270.00000000000006,2995862.5786805004,-166666666.66666666,-83336536.59513333,3002269.1022805185,83330130.07153332,1.4550417997832171e-10,1.9950968487065735e-27,-1.4550417997832171e-10
49,275.62500000000006,3282801.9600933045,-165016590.46993238,-82282675.63468485,2831562.759530614,82733914.83524753,24386.290252016086,38.49158306012627,-24386.290252016086
50,281.25,4109810.318082884,-160227327.305174,-79236406.56231293,2355296.137534759,80990920.74286106,47835.42904563619,148.10633764666918,-47835.42904563619
51,286.875,5380226.069961652,-152482950.82080182,-74388956.96869977,1675189.186559369,78093993.85210206,69446.27912745015,312.1564110340522,-69446.27912745015
52,292.49999999999994,6948127.896429189,-142081110.40358236,-68037601.67050314,942220.8338531032,74043508.73307922,88388.34764831827,505.66666666666515,-88388.34764831827
53,298.12499999999994,8638725.003885627,-129421586.9947134,-60557341.37729844,331820.7637690939,68864245.61741497,103933.70153781798,699.1769222992785,-103933.70153781798
54,303.74999999999994,10272511.487890944,-114990923.02663846,-52366559.984521955,14708.430296394043,62624363.04211651,115484.94156391067,863.2269956866623,-115484.94156391067
55,309.37499999999994,11689601.8956898,-99343718.1644096,-43891014.674911276,127913.08110275958,55452703.48949832,122598.16005040369,972.8417502732061,-122598.16005040369
56,314.9999999999999,12770658.122342184,-83081310.66666698,-35530577.08017246,750501.6160201114,47550733.58649453,124999.99999999997,1011.3333333333333,-124999.99999999997
57,320.6249999999999,13451352.916582704,-66828664.49505502,-27632576.071255382,1887840.5640384527,39196088.423799634,122598.16005040388,972.8417502732088,-122598.16005040388
58,326.2499999999999,13728310.425945207,-51210350.965790376,-20474485.454911217,3466930.3699772647,30735865.51087916,115484.94156391107,863.2269956866678,-115484.94156391107
59,331.8749999999999,13655767.443946179,-36826548.15811332,-14257225.460624363,5343670.207081582,22569322.69748896,103933.70153781853,699.1769222992859,-103933.70153781853
60,337.49999999999983,13333611.71111431,-24229980.20582479,-9108731.85603937,7321095.21736826,15121248.34978542,88388.347648319,505.66666666667345,-88388.347648319
61,343.12499999999983,12888760.697293557,-13904682.103711262,-5095936.675725196,9175951.945032686,8808745.427986067,69446.27912745104,312.15641103405983,-69446.27912745104
62,348.7499999999998,12452846.983167963,-6247405.219959796,-2242127.700713082,10689697.164634332,4005277.519246714,47835.42904563712,148.10633764667483,-47835.42904563712
63,354.3749999999998,12139722.44272119,-1552377.0693941156,-545985.1622219401,11679315.697770955,1006391.9071721755,24386.290252017086,38.49158306012936,-24386.290252017086
64,359.9999999999997,12026300.391722072,2.31239027925767e-09,1470.3118000011557,12023359.768122071,1470.3117999988433,1.1561472795931823e-09,8.880161489161359e-26,-1.1561472795931823e-09
